video_path,target
Video1.mp4,1
Video2.mp4,1
Video3.mp4,1
Video4.mp4,1
Video5.mp4,1
Video6.mp4,1
Video7.mp4,1
Video8.mp4,1
Video9.mp4,1
Video10.mp4,1
Video11.mp4,1
Video12.mp4,1
Video13.mp4,1
Video14.mp4,1
Video15.mp4,1
Video16.mp4,1
Video17.mp4,1
Video18.mp4,1
Video19.mp4,1
Video20.mp4,1
Video21.mp4,1
Video22.mp4,1
Video23.mp4,1
Video24.mp4,1
Video25.mp4,1
Video26.mp4,1
Video27.mp4,1
Video28.mp4,1
Video29.mp4,1
Video30.mp4,1
Video31.mp4,1
Video32.mp4,1
Video33.mp4,1
Video34.mp4,1
Video35.mp4,1
Video36.mp4,1
Video37.mp4,1
Video38.mp4,1
Video39.mp4,1
Video40.mp4,1
Video41.mp4,0
Video42.mp4,0
Video43.mp4,0
Video44.mp4,0
Video45.mp4,0
Video46.mp4,0
Video47.mp4,0
Video48.mp4,0
Video49.mp4,0
Video50.mp4,0
Video51.mp4,0
